{"name":"Province","identifier":"VOTSL7ISDY","description":"Canadian Provinces and Territories","slotTypeValues":[{"synonyms":null,"sampleValue":{"value":"Ontario"}},{"synonyms":null,"sampleValue":{"value":"British Columbia"}},{"synonyms":null,"sampleValue":{"value":"Alberta"}},{"synonyms":null,"sampleValue":{"value":"Manitoba"}},{"synonyms":null,"sampleValue":{"value":"Quebec"}},{"synonyms":null,"sampleValue":{"value":"Northwest Territories"}},{"synonyms":null,"sampleValue":{"value":"New Brunswick"}},{"synonyms":null,"sampleValue":{"value":"Newfoundland and Labrador"}},{"synonyms":null,"sampleValue":{"value":"Nova Scotia"}},{"synonyms":null,"sampleValue":{"value":"Nunavut"}},{"synonyms":null,"sampleValue":{"value":"Prince Edward Island"}},{"synonyms":null,"sampleValue":{"value":"Saskatchewan"}},{"synonyms":null,"sampleValue":{"value":"Yukon"}}],"parentSlotTypeSignature":null,"valueSelectionSetting":{"resolutionStrategy":"ORIGINAL_VALUE","regexFilter":null}}